<?xml version="1.0" encoding="UTF-8"?><rss version="2.0"
	xmlns:content="http://purl.org/rss/1.0/modules/content/"
	xmlns:wfw="http://wellformedweb.org/CommentAPI/"
	xmlns:dc="http://purl.org/dc/elements/1.1/"
	xmlns:atom="http://www.w3.org/2005/Atom"
	xmlns:sy="http://purl.org/rss/1.0/modules/syndication/"
	xmlns:slash="http://purl.org/rss/1.0/modules/slash/"
	>

<channel>
	<title>Uncategorized &#8211; tiktok video downloader without watermark mp4</title>
	<atom:link href="https://nextjs-flax-two-90.vercel.app/category/uncategorized/feed/" rel="self" type="application/rss+xml" />
	<link>https://nextjs-flax-two-90.vercel.app/</link>
	<description></description>
	<lastBuildDate>Sat, 17 Dec 2022 12:12:55 +0000</lastBuildDate>
	<language>en-US</language>
	<sy:updatePeriod>
	hourly	</sy:updatePeriod>
	<sy:updateFrequency>
	1	</sy:updateFrequency>
	<generator>https://wordpress.org/?v=6.0.2</generator>
	<item>
		<title>15 Crazy Skills Of Cristiano Ronaldo Jr that Shocked the World 2022</title>
		<link>https://nextjs-flax-two-90.vercel.app/2022/12/17/15-crazy-skills-of-cristiano-ronaldo-jr-that-shocked-the-world-2022/</link>
					<comments>https://nextjs-flax-two-90.vercel.app/2022/12/17/15-crazy-skills-of-cristiano-ronaldo-jr-that-shocked-the-world-2022/#respond</comments>
		
		<dc:creator><![CDATA[admin]]></dc:creator>
		<pubDate>Sat, 17 Dec 2022 11:32:45 +0000</pubDate>
				<category><![CDATA[Uncategorized]]></category>
		<guid isPermaLink="false">https://nextjs-flax-two-90.vercel.app/?p=105</guid>

					<description><![CDATA[]]></description>
										<content:encoded><![CDATA[<p><iframe loading="lazy" title="15 Crazy Skills Of Cristiano Ronaldo Jr that Shocked the World 2022" width="580" height="326" src="https://www.youtube.com/embed/YrKgMWkqk_w?feature=oembed" frameborder="0" allow="accelerometer; autoplay; clipboard-write; encrypted-media; gyroscope; picture-in-picture" allowfullscreen></iframe></p>
]]></content:encoded>
					
					<wfw:commentRss>https://nextjs-flax-two-90.vercel.app/2022/12/17/15-crazy-skills-of-cristiano-ronaldo-jr-that-shocked-the-world-2022/feed/</wfw:commentRss>
			<slash:comments>0</slash:comments>
		
		
			</item>
		<item>
		<title>Hhh</title>
		<link>https://nextjs-flax-two-90.vercel.app/2022/12/17/hhh/</link>
					<comments>https://nextjs-flax-two-90.vercel.app/2022/12/17/hhh/#respond</comments>
		
		<dc:creator><![CDATA[admin]]></dc:creator>
		<pubDate>Sat, 17 Dec 2022 03:52:23 +0000</pubDate>
				<category><![CDATA[Uncategorized]]></category>
		<guid isPermaLink="false">https://nextjs-flax-two-90.vercel.app/?p=101</guid>

					<description><![CDATA[Tggh]]></description>
										<content:encoded><![CDATA[<p>Tggh</p>
]]></content:encoded>
					
					<wfw:commentRss>https://nextjs-flax-two-90.vercel.app/2022/12/17/hhh/feed/</wfw:commentRss>
			<slash:comments>0</slash:comments>
		
		
			</item>
		<item>
		<title>Fuck</title>
		<link>https://nextjs-flax-two-90.vercel.app/2022/12/16/fuck/</link>
					<comments>https://nextjs-flax-two-90.vercel.app/2022/12/16/fuck/#respond</comments>
		
		<dc:creator><![CDATA[admin]]></dc:creator>
		<pubDate>Fri, 16 Dec 2022 18:27:17 +0000</pubDate>
				<category><![CDATA[Uncategorized]]></category>
		<guid isPermaLink="false">https://nextjs-flax-two-90.vercel.app/?p=97</guid>

					<description><![CDATA[Kddjdjke]]></description>
										<content:encoded><![CDATA[<p>Kddjdjke</p>
]]></content:encoded>
					
					<wfw:commentRss>https://nextjs-flax-two-90.vercel.app/2022/12/16/fuck/feed/</wfw:commentRss>
			<slash:comments>0</slash:comments>
		
		
			</item>
		<item>
		<title>Bjbjbj</title>
		<link>https://nextjs-flax-two-90.vercel.app/2022/12/16/bjbjbj/</link>
					<comments>https://nextjs-flax-two-90.vercel.app/2022/12/16/bjbjbj/#respond</comments>
		
		<dc:creator><![CDATA[admin]]></dc:creator>
		<pubDate>Fri, 16 Dec 2022 17:14:10 +0000</pubDate>
				<category><![CDATA[Uncategorized]]></category>
		<guid isPermaLink="false">https://nextjs-flax-two-90.vercel.app/?p=90</guid>

					<description><![CDATA[Wrgguu]]></description>
										<content:encoded><![CDATA[<p>Wrgguu</p>
]]></content:encoded>
					
					<wfw:commentRss>https://nextjs-flax-two-90.vercel.app/2022/12/16/bjbjbj/feed/</wfw:commentRss>
			<slash:comments>0</slash:comments>
		
		
			</item>
		<item>
		<title>Thebest agree</title>
		<link>https://nextjs-flax-two-90.vercel.app/2022/12/16/thebest-agree/</link>
					<comments>https://nextjs-flax-two-90.vercel.app/2022/12/16/thebest-agree/#respond</comments>
		
		<dc:creator><![CDATA[admin]]></dc:creator>
		<pubDate>Fri, 16 Dec 2022 16:56:36 +0000</pubDate>
				<category><![CDATA[Uncategorized]]></category>
		<guid isPermaLink="false">https://nextjs-flax-two-90.vercel.app/?p=87</guid>

					<description><![CDATA[Fotttballl is a bif]]></description>
										<content:encoded><![CDATA[<p>Fotttballl is a bif</p>
]]></content:encoded>
					
					<wfw:commentRss>https://nextjs-flax-two-90.vercel.app/2022/12/16/thebest-agree/feed/</wfw:commentRss>
			<slash:comments>0</slash:comments>
		
		
			</item>
	</channel>
</rss>
