<?xml version="1.0" encoding="UTF-8"?><rss version="2.0"
	xmlns:content="http://purl.org/rss/1.0/modules/content/"
	xmlns:dc="http://purl.org/dc/elements/1.1/"
	xmlns:atom="http://www.w3.org/2005/Atom"
	xmlns:sy="http://purl.org/rss/1.0/modules/syndication/"
	
	>
<channel>
	<title>
	Comments on: Fuck	</title>
	<atom:link href="https://nextjs-flax-two-90.vercel.app/2022/12/16/fuck/feed/" rel="self" type="application/rss+xml" />
	<link>https://nextjs-flax-two-90.vercel.app/2022/12/16/fuck/</link>
	<description></description>
	<lastBuildDate>Fri, 16 Dec 2022 18:27:17 +0000</lastBuildDate>
	<sy:updatePeriod>
	hourly	</sy:updatePeriod>
	<sy:updateFrequency>
	1	</sy:updateFrequency>
	<generator>https://wordpress.org/?v=6.0.2</generator>
</channel>
</rss>
